textDisplay,textOriginal,authorDisplayName,likeCount,publishedAt,updatedAt
雨音、焚き火の音、肉を焼く音、林、個々のキャンプだけど程よい交流、やっぱりヒロシキャンプ良い👋😃,雨音、焚き火の音、肉を焼く音、林、個々のキャンプだけど程よい交流、やっぱりヒロシキャンプ良い👋😃,Sara s,49,2022-10-26T10:14:44Z,2022-10-26T10:14:44Z
こんだけキャンプ行ける仲間がいるって羨ましいな😂,こんだけキャンプ行ける仲間がいるって羨ましいな😂,トーマス【CITY BOY CAMP】,26,2022-10-26T11:08:25Z,2022-10-26T11:08:25Z
時間がゆったりと流れていく心地よさ。キャンプ行きたくなります🎄⛺️🚙,"時間がゆったりと
流れていく心地よさ。
キャンプ行きたくなります
🎄⛺️🚙",ヒタサ,17,2022-10-26T10:21:17Z,2022-10-26T10:21:17Z
やっぱりヒロシちゃんねるのキャンプ動画が一番シックリくるなぁ〜。ヒロシさん忙しいですけどまた、キャンプ動画あげてください。🙇‍♂,やっぱりヒロシちゃんねるのキャンプ動画が一番シックリくるなぁ〜。ヒロシさん忙しいですけどまた、キャンプ動画あげてください。🙇‍♂,北野哲史,10,2022-10-26T10:54:16Z,2022-10-26T10:54:16Z
やっぱりヒロシさんのキャンプ動画が落ち着きます。実家のような安心感。,"やっぱりヒロシさんのキャンプ動画が落ち着きます。
実家のような安心感。",akihiro_milicamp,12,2022-10-26T10:01:01Z,2022-10-26T10:01:01Z
雨の日のキャンプ羨ましい!なかなかキャンプ行けないのでヒロシさんの動画観て癒やされてます☺,"雨の日のキャンプ羨ましい!
なかなかキャンプ行けないのでヒロシさんの動画観て癒やされてます☺",まーくん,7,2022-10-26T11:11:45Z,2022-10-26T11:11:45Z
ちょうど、今日は、ぼっちキャンプの放送日、ヒロシさんのキャンプがテレビと動画で観れて嬉しいです。,ちょうど、今日は、ぼっちキャンプの放送日、ヒロシさんのキャンプがテレビと動画で観れて嬉しいです。,ゆみちゃん,10,2022-10-26T10:43:28Z,2022-10-26T10:43:28Z
久しぶりのヒロシちゃんねる…やっぱり良いわぁ〜。,久しぶりのヒロシちゃんねる…やっぱり良いわぁ〜。,ohana,15,2022-10-26T10:14:25Z,2022-10-26T10:14:25Z
キャンプ飯も相変わらずシンプルで、使ってる道具も変わらないし、セブンスターのくだりも不器用にしか返せないし、こんなヒロシさんを天狗になってるなんてどうして言えるんだろう⁉︎ ヒロシさんは自分が旬とか気にもしてないと思うけど、どうでしょう。,キャンプ飯も相変わらずシンプルで、使ってる道具も変わらないし、セブンスターのくだりも不器用にしか返せないし、こんなヒロシさんを天狗になってるなんてどうして言えるんだろう⁉︎ ヒロシさんは自分が旬とか気にもしてないと思うけど、どうでしょう。,Tokko Yada,8,2022-10-26T10:16:28Z,2022-10-26T10:16:28Z
久々の投稿嬉しいです!!雨キャンプ良いけど大変ですよね。じゅんいち山は木々が綺麗で素敵なとこですね(୨୧ ❛ᴗ❛)✧,久々の投稿嬉しいです!!雨キャンプ良いけど大変ですよね。じゅんいち山は木々が綺麗で素敵なとこですね(୨୧ ❛ᴗ❛)✧,えみ,2,2022-10-26T15:27:21Z,2022-10-26T15:27:49Z
限度もあるしキャンパー側からしたら、煩わしい雨だろうけど雨音も良いBGMだなぁ(´∇｀),限度もあるしキャンパー側からしたら、煩わしい雨だろうけど雨音も良いBGMだなぁ(´∇｀),甲賀弦之介,11,2022-10-26T10:15:44Z,2022-10-26T10:15:44Z
年齢や芸歴が違えど、まるで幼い頃からの友達のようなほっこり感が最高に癒される〜😊❣️,年齢や芸歴が違えど、まるで幼い頃からの友達のようなほっこり感が最高に癒される〜😊❣️,たろの休日▲自然に還るソロキャンプ▲,18,2022-10-26T11:01:42Z,2022-10-26T11:01:42Z
ヒロシさん、待ってました。ハンモクでゆっくりしてるところは時間の流れ感じがしてめっちゃ良いですいいね,ヒロシさん、待ってました。ハンモクでゆっくりしてるところは時間の流れ感じがしてめっちゃ良いですいいね,solo camp kazuki,12,2022-10-26T10:53:19Z,2022-10-26T10:53:19Z
焚き火会やっぱり憧れます。今年から憧れ卒業してキャンプデビューしてますやっぱり楽しいですよね,"焚き火会やっぱり憧れます。
今年から憧れ卒業してキャンプデビューしてます
やっぱり楽しいですよね",,9,2022-10-26T10:19:56Z,2022-10-26T10:19:56Z
やっぱり、ヒロシさんのキャンプ動画はいいですね。始まりから惹きつけられる😊,やっぱり、ヒロシさんのキャンプ動画はいいですね。始まりから惹きつけられる😊,月影こめっと,3,2022-10-26T13:34:32Z,2022-10-26T13:34:32Z
お初です。音がいいですねぇ。イヤホンで聞いてると自分もテントにいるかのようで癒されました⛺️,"お初です。
音がいいですねぇ。イヤホンで聞いてると自分もテントにいるかのようで癒されました⛺️",まる。。。,5,2022-10-26T10:44:22Z,2022-10-26T10:44:22Z
焚き火の音、鳥の声全てに癒されます。間近でキャンプをしているような感じがしますね。,焚き火の音、鳥の声全てに癒されます。間近でキャンプをしているような感じがしますね。,剣豪,9,2022-10-26T11:31:38Z,2022-10-26T11:31:38Z
キャンプで飲むコーヒーは美味しいだろうなぁ😊ヒロシさんのキャンプ動画は見ていて癒されます𖤣𖤥𖠿𖤣𖤥,"キャンプで飲むコーヒーは美味しいだろうなぁ😊
ヒロシさんのキャンプ動画は見ていて癒されます𖤣𖤥𖠿𖤣𖤥",miisa,9,2022-10-26T09:55:27Z,2022-10-26T09:55:27Z
アマプラでぼっちキャンプシーズン4ひたすら観まくっててぼっち脳だったから久々のヒロシちゃんねるが何故か癒されるゥ,アマプラでぼっちキャンプシーズン4ひたすら観まくっててぼっち脳だったから久々のヒロシちゃんねるが何故か癒されるゥ,キスケ,11,2022-10-26T10:00:06Z,2022-10-26T10:00:06Z
ヒロシさんは端々に余裕があって良いですよね。自然体で穏やかに生きてて好きです。いざキャンプ行くとあれもやりたいこれもやりたいってなって気持ち的に忙しなくなっちゃうんですよね。,ヒロシさんは端々に余裕があって良いですよね。自然体で穏やかに生きてて好きです。いざキャンプ行くとあれもやりたいこれもやりたいってなって気持ち的に忙しなくなっちゃうんですよね。,Sora bluebird,1,2022-10-26T14:18:13Z,2022-10-26T14:18:13Z
和気藹々のキャンプも楽しいですが、落ち着いて見れるのはこのチャンネルです❤いつものジムニーと焚き火とコーヒー…仲間と過ごす最高の癒し時間ですね😊,"和気藹々のキャンプも楽しいですが、落ち着いて見れるのはこのチャンネルです❤
いつものジムニーと焚き火とコーヒー…
仲間と過ごす最高の癒し時間ですね😊",かあたん,18,2022-10-26T10:16:42Z,2022-10-26T10:16:42Z
やっぱりジムニー運転するヒロシさんが世界で１番カッコいいです😍💕ハンモックに揺られながらタバコ吸うステキなヒロシさんに癒されました🤗💕有難うございます😊,"やっぱりジムニー運転するヒロシさんが世界で１番カッコいいです😍💕
ハンモックに揺られながらタバコ吸うステキなヒロシさんに癒されました🤗💕
有難うございます😊",きゃおりん,5,2022-10-26T10:22:48Z,2022-10-26T10:22:48Z
雨音も心地良い居場所,雨音も心地良い居場所,たかしこ大作戦,5,2022-10-26T10:28:45Z,2022-10-26T10:28:45Z
雨音が凄くいい感じですね,雨音が凄くいい感じですね,きらきらきらり,7,2022-10-26T10:17:24Z,2022-10-26T10:17:24Z
雨漏りしていても平常心なヒロシさんが素敵だなと思うのです😌,雨漏りしていても平常心なヒロシさんが素敵だなと思うのです😌,かもめ,0,2022-10-26T23:45:43Z,2022-10-26T23:45:43Z
ヒロシさんの動画を見ると無性にキャンプに行きたくなります,ヒロシさんの動画を見ると無性にキャンプに行きたくなります,colimix,6,2022-10-26T10:13:16Z,2022-10-26T10:13:16Z
たまに時間を忘れてキャンプいいねぇ,たまに時間を忘れてキャンプいいねぇ,NEMUIsasaki  APEX  JAPAN,1,2022-10-26T11:43:07Z,2022-10-26T11:43:07Z
OPのジムニーからテンション上がりました！！久々のジムニー、めっちゃ格好いいです☺仲間の皆様との談笑に、静寂の中聞こえる雨音・火の爆ぜる音・お湯が沸く音・鳥の鳴き声…どれも癒し効果満載で✨✨✨今回も素敵な動画を有難うございます☆,"OPのジムニーからテンション上がりました！！久々のジムニー、めっちゃ格好いいです☺
仲間の皆様との談笑に、静寂の中聞こえる雨音・火の爆ぜる音・お湯が沸く音・鳥の鳴き声…
どれも癒し効果満載で✨✨✨
今回も素敵な動画を有難うございます☆",ハリネズミ,3,2022-10-26T14:01:43Z,2022-10-26T14:01:43Z
やばい食欲MAXになる最高の動画,やばい食欲MAXになる最高の動画,月収七万,7,2022-10-26T09:55:10Z,2022-10-26T09:55:10Z
雨音は最高のＢＧＭになるんだなぁ～ってしみじみと感じました。ゆったり感がひしひしと伝わってきて、こちらもリラックスしてます。今後のご活躍に期待します。ご安全に！！,"雨音は最高のＢＧＭになるんだなぁ～ってしみじみと感じました。
ゆったり感がひしひしと伝わってきて、こちらもリラックスしてます。
今後のご活躍に期待します。
ご安全に！！",NOAH yy,2,2022-10-26T11:32:19Z,2022-10-26T11:32:19Z
愉しそうだな。雨の音も風情があっていい。,愉しそうだな。雨の音も風情があっていい。,岡田幸子,6,2022-10-26T09:56:47Z,2022-10-26T09:56:47Z
テントの雨音を聴くのが好きです。癒されました😊。雨漏り大変でしたね💦,テントの雨音を聴くのが好きです。癒されました😊。雨漏り大変でしたね💦,ゆず,2,2022-10-26T12:53:32Z,2022-10-26T12:53:32Z
いつ観ても火起こし神技！,いつ観ても火起こし神技！,sima@,4,2022-10-26T13:17:33Z,2022-10-26T13:17:33Z
やっぱヒロシさんはこれですよ最高です,やっぱヒロシさんはこれですよ最高です,よほあのーあのわ,7,2022-10-26T10:32:11Z,2022-10-26T10:32:11Z
焚き火とセッタ。雨音とリズム感。本当キャンプって最高ですね！！,"焚き火とセッタ。
雨音とリズム感。
本当キャンプって最高ですね！！",stay gold,2,2022-10-26T16:07:34Z,2022-10-26T16:07:34Z
じゅんいちさん山のキビタキはエラいイイ声で鳴きますね🐥ずっと響いてる🔊,"じゅんいちさん山のキビタキはエラいイイ声で鳴きますね🐥
ずっと響いてる🔊",Mass権左衛門,2,2022-10-26T12:02:08Z,2022-10-26T12:02:08Z
のんびり観るには最高ですね。,のんびり観るには最高ですね。,Y S,0,2022-10-27T03:21:51Z,2022-10-27T03:21:51Z
気の合う仲間とキャンプ~（天気はとんでもなく凄かったけれど）最高な時間ですよね(^^♪,気の合う仲間とキャンプ~（天気はとんでもなく凄かったけれど）最高な時間ですよね(^^♪,内藤晴子,0,2022-10-26T18:17:28Z,2022-10-26T18:17:28Z
今日はぼっちキャンプの放送日⛺️ですね。なんかすごく得した気分です♪,今日はぼっちキャンプの放送日⛺️ですね。なんかすごく得した気分です♪,ゆうこ,4,2022-10-26T11:33:44Z,2022-10-26T11:33:44Z
やっぱりヒロシさんの動画編集いい！久々に見たからかなー。他の人を媒体にヒロシさんが編集したキャンプ動画見てみたい😊,やっぱりヒロシさんの動画編集いい！久々に見たからかなー。他の人を媒体にヒロシさんが編集したキャンプ動画見てみたい😊,Yamagami Seita,3,2022-10-26T13:27:55Z,2022-10-26T13:27:55Z
雨☔でも楽しめるものなんですね！焚き火に癒されました🥰ちゃんとお野菜採ってますね😁👍,"雨☔でも楽しめるものなんですね！
焚き火に癒されました🥰
ちゃんとお野菜採ってますね😁👍",美香八朝,4,2022-10-26T10:37:32Z,2022-10-26T10:37:32Z
今日デイキャンプ行ってきました！帰ってきたら、ヒロシキャンプ観れて最高です😊雨音ステキ。いい山ですね！！,今日デイキャンプ行ってきました！帰ってきたら、ヒロシキャンプ観れて最高です😊雨音ステキ。いい山ですね！！,おきんこ,2,2022-10-26T12:46:49Z,2022-10-26T12:46:49Z
自然の「音」「色彩」全てに癒されます・・・ありがとうございます！！,自然の「音」「色彩」全てに癒されます・・・ありがとうございます！！,ピアノビレッジ,0,2022-10-27T07:22:50Z,2022-10-27T07:22:50Z
雨の中でのテントもいいですね⋆̩☂︎*̣̩🔥🏕⋆̩☂︎*̣̩ワイドなテントも素敵♪小鳥のさえずりに癒されますね。,"雨の中でのテントもいいですね⋆̩☂︎*̣̩🔥🏕⋆̩☂︎*̣̩
ワイドなテントも素敵♪小鳥のさえずりに癒されますね。",Kodera Miki Channel,5,2022-10-26T10:30:00Z,2022-10-26T10:30:00Z
これぞ!!ヒロシちゃんねる!!って感じで、いいですね＼(^^)／,これぞ!!ヒロシちゃんねる!!って感じで、いいですね＼(^^)／,じーわー,13,2022-10-26T10:29:52Z,2022-10-26T10:32:09Z
最後雨漏りは大変でしたね☔️煙を燻らせながら少し離れて仲間を静かに見守るヒロシさんお肉と共に美味しい所がギュギュッと詰まってますね❣️牛だけに🥩😆,"最後雨漏りは大変でしたね☔️
煙を燻らせながら少し離れて仲間を静かに見守るヒロシさん
お肉と共に美味しい所がギュギュッと詰まってますね❣️牛だけに🥩😆",haru u,3,2022-10-26T12:50:24Z,2022-10-26T12:50:24Z
久しぶりに行ってたキャンプ😆大人の遊び⛺そうですね雨に焚火に鳥の声に時々聞こえる唸り声😂　こういう静かなのがゆったり見れて落ち着きます🤣,"久しぶりに行ってたキャンプ😆
大人の遊び⛺そうですね
雨に焚火に鳥の声に時々聞こえる
唸り声😂
　こういう静かなのがゆったり
見れて落ち着きます🤣",みなせの,1,2022-10-26T13:22:50Z,2022-10-26T13:22:50Z
久しぶりのジープ💚愛おしい❤,久しぶりのジープ💚愛おしい❤,千恵 平田,2,2022-10-26T11:48:56Z,2022-10-26T11:48:56Z
🌲🌲🔥木々の風景や焚火が、とても綺麗で、観ていて気持ち良いです✨✨,🌲🌲🔥木々の風景や焚火が、とても綺麗で、観ていて気持ち良いです✨✨,kuma kimi,1,2022-10-26T13:17:55Z,2022-10-26T13:17:55Z
癒しの時間のお裾分けありがとうございます,癒しの時間のお裾分けありがとうございます,n_n,1,2022-10-26T11:18:09Z,2022-10-26T11:18:09Z
やはり焚火会で一番動画編集が秀逸なのはヒロシさんだなぁ。ジムニーの後上部からの映像も新鮮だし、エンディングにピアノワルツを持ってくるセンスも素敵すぎます。そして何より焚火会メンバーへの愛を感じます。,"やはり焚火会で一番動画編集が秀逸なのはヒロシさんだなぁ。ジムニーの後上部からの映像も新鮮だし、エンディングにピアノワルツを持ってくるセンスも素敵すぎます。
そして何より焚火会メンバーへの愛を感じます。",Tk 1600,0,2022-10-27T10:00:17Z,2022-10-27T10:00:17Z
最高の癒しをありがとうございます。雨音(今回は降りすぎですね💦)と生きているかのような🔥🚬を味わい☕を飲むすべてをずっとみていられます👀💗,"最高の癒しをありがとうございます。
雨音(今回は降りすぎですね💦)と生きているかのような🔥
🚬を味わい☕を飲むすべてをずっとみていられます👀💗",miki kuma,3,2022-10-26T10:26:36Z,2022-10-26T10:26:36Z
変わらないのはいいね。変化もいいけど変わらないのは落ち着く。,変わらないのはいいね。変化もいいけど変わらないのは落ち着く。,アンビ,2,2022-10-26T12:33:19Z,2022-10-26T12:33:19Z
キャンプ好きの原点にして頂点、まぁ私の中でだけですが🤣動画アップありがとうございます。,"キャンプ好きの原点にして頂点、まぁ私の中でだけですが🤣

動画アップありがとうございます。",ところてん,3,2022-10-26T10:16:34Z,2022-10-26T10:21:23Z
大人のキャンプだ🔥かっこいい❤💕,"大人のキャンプだ🔥
かっこいい❤💕",幸子,3,2022-10-26T11:49:25Z,2022-10-26T11:49:25Z
肌寒い秋は、焚き火を見ると暖かくなる気がする…。気がするだけだからやっぱりさみーいね(๑˃́ꇴ˂̀๑)ww寒い日は暖をとらねば…オイルヒーターつけまひょw,"肌寒い秋は、焚き火を見ると暖かくなる気がする…。
気がするだけだからやっぱりさみーいね
(๑˃́ꇴ˂̀๑)ww
寒い日は暖をとらねば…
オイルヒーターつけまひょw",くるみ&麦,2,2022-10-26T10:49:49Z,2022-10-26T10:50:02Z
鳥の鳴き声がいいな、本当に。,鳥の鳴き声がいいな、本当に。,ぽぽまる,1,2022-10-26T13:36:13Z,2022-10-26T13:36:13Z
じゅんいち山へ皆様お出かけですか?残念ながら雨ですね。雨のキャンプも一響が有って良いですね～。食後の一服、コーヒーのまったりタイム、ゆっくり出来ますね。,じゅんいち山へ皆様お出かけですか?残念ながら雨ですね。雨のキャンプも一響が有って良いですね～。食後の一服、コーヒーのまったりタイム、ゆっくり出来ますね。,村上君子,2,2022-10-26T11:04:03Z,2022-10-26T11:04:03Z
ヒロシさん！！癒しをありがとう！！！,ヒロシさん！！癒しをありがとう！！！,チャヒコ,2,2022-10-26T12:45:27Z,2022-10-26T12:45:27Z
雨の音ってこんなに心地よいのですね😌,雨の音ってこんなに心地よいのですね😌,yukie ,5,2022-10-26T12:54:40Z,2022-10-26T12:54:40Z
ジムニーこんなキレイだったけ笑タバコ吸ってる姿なかなか見ないから嬉しい😄カッコいい✨,"ジムニーこんなキレイだったけ笑
タバコ吸ってる姿なかなか見ないから嬉しい😄カッコいい✨",T,2,2022-10-26T11:53:17Z,2022-10-26T11:57:02Z
全部がいいっすね。雨を楽しむのもあり。,"全部がいいっすね。
雨を楽しむのもあり。",ダッチョ君,2,2022-10-26T11:27:07Z,2022-10-26T11:27:07Z
雨キャンプ最高ですね👍,雨キャンプ最高ですね👍,kedoブルータス,3,2022-10-26T10:43:53Z,2022-10-26T10:43:53Z
ヒロシさん🙌BS-TBSのぼっちキャンプを見れて、就寝前に、動画配信を観れて🙌😄ヒロシキャンプは、雨でも、最高です💐💐😄ヒロシさんの焚き火は、観ていて落ち着きます💖,"ヒロシさん🙌BS-TBSのぼっちキャンプを見れて、就寝前に、動画配信を観れて🙌😄
ヒロシキャンプは、雨でも、最高です💐💐😄
ヒロシさんの焚き火は、観ていて落ち着きます💖",kiyomi kawakami,2,2022-10-26T14:49:54Z,2022-10-26T14:49:54Z
ヒロシのキャンプ飯😋美味しそ～😋雨の音も良いですね🎵癒されました😍💕,"ヒロシのキャンプ飯😋
美味しそ～😋
雨の音も良いですね🎵
癒されました😍💕",yamamoto makie,1,2022-10-26T11:31:20Z,2022-10-26T11:31:20Z
ジムニー復活おめでとうございます🎉,ジムニー復活おめでとうございます🎉,大地,1,2022-10-26T11:18:01Z,2022-10-26T11:18:01Z
タープに当たる雨の音最高ですねー！眠気を誘う音です(笑),"タープに当たる雨の音最高ですねー！
眠気を誘う音です(笑)",由紀,0,2022-10-26T23:00:13Z,2022-10-26T23:00:13Z
じゅんダビ山へようこそ🥰なんか昔のヒロシちゃんねるみたいで良かったです🥰黒オレンジ島キャン、もらいキャン太ちゃん、タバコ拾う大和さん🥰,じゅんダビ山へようこそ🥰なんか昔のヒロシちゃんねるみたいで良かったです🥰黒オレンジ島キャン、もらいキャン太ちゃん、タバコ拾う大和さん🥰,かるめんkarmen _777,2,2022-10-26T13:53:29Z,2022-10-26T13:53:29Z
焚き火会のメンバーがそろうと良いですね。相変わらずヒロシさんの動画を見ていると今すぐにでもキャンプしたくなります。,焚き火会のメンバーがそろうと良いですね。相変わらずヒロシさんの動画を見ていると今すぐにでもキャンプしたくなります。,小田楓太,0,2022-10-26T16:28:23Z,2022-10-26T16:28:23Z
色々沁みるっす　じゅんいちさんの山　木々の緑が綺麗,色々沁みるっす　じゅんいちさんの山　木々の緑が綺麗,くゆう,0,2022-10-26T16:21:54Z,2022-10-26T16:21:54Z
アクティブな引きこもり感が素敵です😊,アクティブな引きこもり感が素敵です😊,Mayumi S,0,2022-10-27T09:09:57Z,2022-10-27T09:09:57Z
去年までハマって11月の終わり位やってましたが、もういいです…家であったか布団で寝ます😂,"去年までハマって11月の終わり位やってましたが、もういいです…
家であったか布団で寝ます😂",ウメコブ,3,2022-10-26T10:54:27Z,2022-10-26T10:54:27Z
いつもぼっちキャンプ見てます。あえて手元だけを撮影するのはヒロシさんらしいです。音の全てがキャンプしてるなって感じがします。,"いつもぼっちキャンプ見てます。
あえて手元だけを撮影するのはヒロシさんらしいです。
音の全てがキャンプしてるなって感じがします。",ナッティー,1,2022-10-26T14:56:07Z,2022-10-26T14:56:07Z
うん、キャンプっていいよね🤡,うん、キャンプっていいよね🤡,katsubin01,3,2022-10-26T10:58:29Z,2022-10-26T10:58:29Z
雨漏りしちゃうけどジムニーは愛おしいですね♪,雨漏りしちゃうけどジムニーは愛おしいですね♪,y u,3,2022-10-26T11:11:39Z,2022-10-26T11:11:39Z
５ヶ月ぶりのプライベートキャンプ⛺️色々な音が心地よかったです♥️私の一番は久しぶりに登場のジムニー音✨リラックスして眠れそう💤,５ヶ月ぶりのプライベートキャンプ⛺️色々な音が心地よかったです♥️私の一番は久しぶりに登場のジムニー音✨リラックスして眠れそう💤,JA22ジム子,1,2022-10-26T13:14:03Z,2022-10-26T13:15:59Z
いつものキャンプ😄いつものヒロシさん😄嬉しいです‼とっても楽しそう〰,"いつものキャンプ😄いつものヒロシさん😄嬉しいです‼
とっても楽しそう〰",よなはてる,2,2022-10-26T13:40:13Z,2022-10-26T13:40:13Z
お疲れ様ですハンモックに揺られるの最高ですね。焼肉が凄く美味しそうでした。エンディングのピアノの曲ひさびさに聞けて嬉しかったです🎵🤭,"お疲れ様です

ハンモックに揺られるの最高ですね。
焼肉が凄く美味しそうでした。
エンディングのピアノの曲ひさびさに聞けて嬉しかったです🎵🤭",しろみ,2,2022-10-26T12:41:00Z,2022-10-26T12:41:00Z
最高の仲間ですね!,最高の仲間ですね!,まり,2,2022-10-26T11:08:23Z,2022-10-26T11:08:23Z
大和チャンネルの12万回まわってるやつの横でヒロシさんが何してるか気になってたので観れてうれしかったです😊ヒロシさんの声が聞けるやつが好きです。,"大和チャンネルの12万回まわってるやつの横でヒロシさんが何してるか気になってたので観れてうれしかったです😊
ヒロシさんの声が聞けるやつが好きです。",ピノコ,2,2022-10-26T10:10:51Z,2022-10-26T10:10:51Z
ヒロシちゃんねるが一番だね  😅,ヒロシちゃんねるが一番だね  😅,ゆうゆ,5,2022-10-26T10:17:02Z,2022-10-26T10:17:02Z
こんばんは✨楽しみに待ってました♡ヒロシちゃんねる大好き❤,"こんばんは✨
楽しみに待ってました♡

ヒロシちゃんねる大好き❤",かおり,2,2022-10-26T12:24:03Z,2022-10-26T12:24:03Z
晩ご飯食べているヒロシさん仲間からタバコ下さいといわれタバコをあげててるヒロシさん会話を楽しんでますが気心知れた仲でないとできない事ですね🚬くつたろう👍,晩ご飯食べているヒロシさん仲間からタバコ下さいといわれタバコをあげててるヒロシさん会話を楽しんでますが気心知れた仲でないとできない事ですね🚬くつたろう👍,FCバルセロナ,3,2022-10-26T14:09:16Z,2022-10-26T14:22:48Z
やっぱり！こういう！待ったました！最高です！勉強法に、なります,"やっぱり！こういう！待ったました！
最高です！勉強法に、なります",吉田充克,3,2022-10-26T11:01:58Z,2022-10-26T11:01:58Z
ヒロシさんのキャンプ動画大好きです！,ヒロシさんのキャンプ動画大好きです！,ふるば ゆき,5,2022-10-26T09:59:25Z,2022-10-26T09:59:25Z
ジムニーから始まるキャンプ！最高！！,ジムニーから始まるキャンプ！最高！！,kuuzenちゃんねる,2,2022-10-26T13:49:40Z,2022-10-26T13:49:40Z
ヒロシさんのジムニーやっぱり、ぶちカッケーっす！,"ヒロシさんのジムニー
やっぱり、ぶちカッケーっす！",Guts !,2,2022-10-26T11:32:42Z,2022-10-26T11:32:42Z
ヒロシさん！待ってました！楽しみにしてました！,ヒロシさん！待ってました！楽しみにしてました！,こみちゃん,2,2022-10-26T11:29:25Z,2022-10-26T11:29:25Z
キャンプに行きたくなってきた～,キャンプに行きたくなってきた～,tomobeer,0,2022-10-27T09:57:25Z,2022-10-27T09:57:25Z
森映しジムニー最高ですね！,森映しジムニー最高ですね！,244 Sushikun,6,2022-10-26T09:56:28Z,2022-10-26T09:56:28Z
師匠！素敵な動画ありがとうございます😊,師匠！素敵な動画ありがとうございます😊,ズなたー,1,2022-10-26T12:10:18Z,2022-10-26T12:10:18Z
ジムニー、成功続きの飯炊き、鉄板での焼き肉、これぞヒロシちゃんねる、の定番が帰ってきてうれしいですレストアしたテントより、やっぱりNo.164オリジナルのテントが見たいですな～,"ジムニー、成功続きの飯炊き、鉄板での焼き肉、これぞヒロシちゃんねる、の定番が帰ってきてうれしいです
レストアしたテントより、やっぱりNo.164オリジナルのテントが見たいですな～",Harry,1,2022-10-26T11:59:09Z,2022-10-26T11:59:09Z
やっぱコレがいい😂,やっぱコレがいい😂,RO,2,2022-10-26T14:24:12Z,2022-10-26T14:24:12Z
雨凄いですね。雨漏り大丈夫でしたか？北海道も最低気温マイナスなんで、焚き火🔥癒されます。🥰🥰🥰,雨凄いですね。雨漏り大丈夫でしたか？北海道も最低気温マイナスなんで、焚き火🔥癒されます。🥰🥰🥰,フーミン北の国から,2,2022-10-26T12:14:54Z,2022-10-26T12:14:54Z
👏癒されます😉👍✨有り難うございます🙆雨で悪かったですねぇ。次回を又期待致します🙇,👏癒されます😉👍✨有り難うございます🙆雨で悪かったですねぇ。次回を又期待致します🙇,村上艶子,3,2022-10-26T10:59:55Z,2022-10-26T10:59:55Z
ヒロシさんプライベートキャンプ🍀行けたんですねぇ～🎶雨音のＢＧＭに…小鳥🐦の声とヒロシさんのキャンプ⛺️観て➰まったり～野にいる気分です～💚今日もヒロシさんはセクシー✨でかっこ良かったです💕雨漏り…大丈夫でしたか〰️😰,ヒロシさんプライベートキャンプ🍀行けたんですねぇ～🎶雨音のＢＧＭに…小鳥🐦の声とヒロシさんのキャンプ⛺️観て➰まったり～野にいる気分です～💚今日もヒロシさんはセクシー✨でかっこ良かったです💕雨漏り…大丈夫でしたか〰️😰,ヨッコ,1,2022-10-26T14:43:37Z,2022-10-26T14:43:37Z
やっと観終わりました。何度か戻って見直したり☺️楽しいのでしょうね🎵美味しいのでしょうね🎵お料理も 😃🚬タバコも👌１０時前のひとときを有難うございました💓,"やっと観終わりました。
何度か戻って見直したり☺️
楽しいのでしょうね🎵
美味しいのでしょうね🎵
お料理も 😃🚬タバコも👌
１０時前のひとときを有難うございました💓",鴒花風月,3,2022-10-26T10:22:02Z,2022-10-26T10:22:02Z
安心してください。私のアパートの部屋も雨漏りしますから😆ヒロシさん大好きです💖,"安心してください。私のアパートの部屋も雨漏りしますから😆
ヒロシさん大好きです💖",ビスクドールを大切に愛,3,2022-10-26T10:25:55Z,2022-10-26T10:25:55Z
こんばんは～初コメです〜ジムニーでキャンプ良いですね〜,こんばんは～初コメです〜ジムニーでキャンプ良いですね〜,岡田翼,2,2022-10-26T09:48:55Z,2022-10-26T09:48:55Z
ヒロシさんの無言の焚き火動画、やっぱりかっこいいです！超セクシーで超エロかったです❤雨がすごくて大変だったと思いますけどその雨音がまた趣き深くよい感じでした👍,"ヒロシさんの無言の焚き火動画、
やっぱりかっこいいです！
超セクシーで超エロかったです❤
雨がすごくて大変だったと思いますけど
その雨音がまた趣き深くよい感じでした👍",長谷川守,3,2022-10-26T13:39:44Z,2022-10-26T13:39:44Z
今回とってもヒロシさんが色っぽく感じました❤なんだろうな、お顔が全部見えない分ガッチリボディが印象的で❤キャンプっていいじゃない〜もセクシーに聞こえた〜❤そこに島田さん達の笑い声がまたなんか、なごみました😂森の中の鳥の声、焚き火が爆ぜる音が響き渡る音、雨の弾く音。ちょっと落ち込んでたわたしですが、元気になれました🙏✨ヒロシさんありがとう❤,"今回とってもヒロシさんが色っぽく感じました❤なんだろうな、お顔が全部見えない分ガッチリボディが印象的で❤
キャンプっていいじゃない〜もセクシーに聞こえた〜❤
そこに島田さん達の笑い声がまたなんか、なごみました😂
森の中の鳥の声、焚き火が爆ぜる音が響き渡る音、雨の弾く音。ちょっと落ち込んでたわたしですが、元気になれました🙏✨ヒロシさんありがとう❤",753nagomi123,1,2022-10-26T15:13:16Z,2022-10-26T15:13:16Z
ヒロシさんのジムニー渋くてカッコ良いです！もちろんヒロシさんも渋くてカッコ良いです！現行型ですが、ヒロシさんの同じグレーカラー選びました〜、キャンプに行きたくなる相棒ですね⛺️🚘,"ヒロシさんのジムニー渋くてカッコ良いです！もちろんヒロシさんも渋くてカッコ良いです！
現行型ですが、ヒロシさんの同じグレーカラー選びました〜、キャンプに行きたくなる相棒ですね⛺️🚘",にしむらコーチ,2,2022-10-26T10:08:50Z,2022-10-26T10:08:50Z
楽しみに待ってました～～,楽しみに待ってました～～,Camp Rider たつ兄,4,2022-10-26T09:56:50Z,2022-10-26T09:56:50Z
雨で濡れていても火つけれるんですねぇ😮コツを知りたい😅,雨で濡れていても火つけれるんですねぇ😮コツを知りたい😅,z,3,2022-10-26T10:14:02Z,2022-10-26T10:14:02Z
何処か他の人達と違うなさすが,"何処か他の人達と違うな
さすが",2 elios,2,2022-10-26T15:03:06Z,2022-10-26T15:03:06Z
(じゅんダビ曰く松)スギ放題で、良い山ですな。何気にアマプラでぼっちシーズン４が足されてました(ヘビーローテーション),"(じゅんダビ曰く松)スギ放題で、良い山ですな。
何気にアマプラでぼっちシーズン４が足されてました(ヘビーローテーション)",おとうちゃんやで,2,2022-10-26T13:23:08Z,2022-10-26T13:23:08Z
焚き火いいな‼️素敵です🎵,焚き火いいな‼️素敵です🎵,まるやみき,0,2022-10-27T01:58:59Z,2022-10-27T01:58:59Z
雨のキャンプもとてもいいですね。見ていて感じました。「キャンプっていいじゃない。」、とても心に響きました。メンバーもとても楽しそうでこちらも心がほっこりします。これからもヒロシさんの動画を楽しみにしております。,"雨のキャンプもとてもいいですね。見ていて感じました。
「キャンプっていいじゃない。」、とても心に響きました。メンバーもとても楽しそうでこちらも心がほっこりします。
これからもヒロシさんの動画を楽しみにしております。",福島のアトラス,3,2022-10-26T10:50:37Z,2022-10-26T10:50:37Z
島田さんのテント、いじられてるけど、めっちゃカッコいいですよ？逆に今そういうテントがないじゃないですか。全部アースカラーの似たようなテントばかりで。生地変えて欲しくないなー。そして、ヒロシさんの動画は相変わらずいい。自分がキャンプ来た気分になる。癒される。キャンプ行きたい。,島田さんのテント、いじられてるけど、めっちゃカッコいいですよ？逆に今そういうテントがないじゃないですか。全部アースカラーの似たようなテントばかりで。生地変えて欲しくないなー。そして、ヒロシさんの動画は相変わらずいい。自分がキャンプ来た気分になる。癒される。キャンプ行きたい。,kengo,2,2022-10-26T14:26:47Z,2022-10-26T14:34:27Z
はじめてコメントします！私はキャンプはしたこともないし、廻りにキャンプ経験者もいなくて、ただ、地元の番組西村キャンプ場を観るくらいでした。先日のアメトーークのキャンプ芸人さんの回を拝見して以来、ヒロシさんのYouTubeに はまってしまってます🔥この冬、主人とキャンプデビューしようと色々勉強中⛰️土や木、澄んだ空気、星空…どんな世界が見られるのか今からワクワクです🎄⛺️🚙,"はじめてコメントします！
私はキャンプはしたこともないし、廻りにキャンプ経験者もいなくて、ただ、地元の番組西村キャンプ場を観るくらいでした。
先日のアメトーークのキャンプ芸人さんの回を拝見して以来、ヒロシさんのYouTubeに はまってしまってます🔥
この冬、主人とキャンプデビューしようと色々勉強中⛰️
土や木、澄んだ空気、星空…
どんな世界が見られるのか今からワクワクです🎄⛺️🚙",kei,1,2022-10-26T16:16:10Z,2022-10-26T16:16:10Z
ひゃあ♡ジムニーかっこいーーー!!絵になりますねぇ♪雨音と焚火の音…ずーっと聞いていたい。やっぱり一番かっこいい！upありがとうございました。,"ひゃあ♡
ジムニーかっこいーーー!!
絵になりますねぇ♪
雨音と焚火の音…ずーっと聞いていたい。
やっぱり一番かっこいい！
upありがとうございました。",eternai beauty,0,2022-10-26T18:04:24Z,2022-10-26T18:04:24Z
すごくいいです💖ほんとはひとつずつ何がいいか全部説明したいです☺️ヒロシさんも、セブンスターも、そしてやっぱり、、ジムニー、、最高にかっこいいです💖✨✨,すごくいいです💖ほんとはひとつずつ何がいいか全部説明したいです☺️ヒロシさんも、セブンスターも、そしてやっぱり、、ジムニー、、最高にかっこいいです💖✨✨,mika mika,2,2022-10-26T10:14:58Z,2022-10-26T10:14:58Z
自分も周りも全く吸わないので喫煙の良さはさっぱり判りませんが、古今東西、タバコに火を付ける時や吸ってる時の大人の男性は、何故だかカッコいいですよね。,自分も周りも全く吸わないので喫煙の良さはさっぱり判りませんが、古今東西、タバコに火を付ける時や吸ってる時の大人の男性は、何故だかカッコいいですよね。,まみりんM,1,2022-10-26T12:58:30Z,2022-10-26T12:58:30Z
お疲れさまです‼️　咀嚼音まで使い始めましたね😆👍‼️,お疲れさまです‼️　咀嚼音まで使い始めましたね😆👍‼️,HiToSi TuSiMa,1,2022-10-26T14:50:42Z,2022-10-26T14:50:42Z
久々の動画ありがたいです！ヒロシ鉄板定価の3倍位の値段で売られてて手が届かないです…,"久々の動画ありがたいです！
ヒロシ鉄板定価の3倍位の値段で売られてて
手が届かないです…",かこちょっぷ,2,2022-10-26T11:22:16Z,2022-10-26T11:22:16Z
待ってました〜ヒロシチャンネル最高です！,待ってました〜ヒロシチャンネル最高です！,猫日是好日,0,2022-10-26T21:47:11Z,2022-10-26T21:47:11Z
久しぶりのジムニーからの画、最高❗️,久しぶりのジムニーからの画、最高❗️,mちゃんねる2にゃー,4,2022-10-26T10:20:02Z,2022-10-26T10:20:02Z
クッカーがいい味出てきましたね!,クッカーがいい味出てきましたね!,シシマル,1,2022-10-26T11:01:34Z,2022-10-26T11:01:34Z
じゅんいち山、雨とタープ久々にヒロシチャンネルを見た充足感最高です✨で、じゅんダビはどこに映って居たのだろう？,"じゅんいち山、雨とタープ
久々にヒロシチャンネルを見た充足感
最高です✨
で、じゅんダビはどこに映って居たのだろう？",50の深い森,0,2022-10-27T10:13:00Z,2022-10-27T10:13:00Z
心地よい！,心地よい！,にゃんだ,3,2022-10-26T10:46:49Z,2022-10-26T10:46:49Z
ヒロシちゃんねるといえば…ジムニー！！！しかもJA11型とか純正パーツが希少になってる車種で旧車。でも、やっぱ直して乗ってますね😊,ヒロシちゃんねるといえば…ジムニー！！！しかもJA11型とか純正パーツが希少になってる車種で旧車。でも、やっぱ直して乗ってますね😊,スズキン村田,1,2022-10-26T11:28:31Z,2022-10-26T11:28:31Z
実は飯田インターの出口の信号待ちでヒロシさんとジムニーに鉢合わせした事有ります。　自分もジムニーでした。　スーツを着てないオフのヒロシさんに気がつかなかったー　勿体ない事をした😂,実は飯田インターの出口の信号待ちでヒロシさんとジムニーに鉢合わせした事有ります。　自分もジムニーでした。　スーツを着てないオフのヒロシさんに気がつかなかったー　勿体ない事をした😂,ごんべえ 名無し,2,2022-10-26T12:12:59Z,2022-10-26T12:12:59Z
タープにハンモックヤマトスタイルか…,"タープにハンモック
ヤマトスタイルか…",yume8ya,1,2022-10-26T11:20:23Z,2022-10-26T11:20:23Z
久しぶりのヒロシちゃんねるありがとうございます😊これは例の10万回の撮りっぱなしの宴があった時の🏕ですね🤭雨が強過ぎなのかタープの撥水効果が効かなくなってきているのか雨漏り大変でしたね😰車も雨漏り…旧車の宿命ですね💦まったりとした時間が流れて雨音が心地よかったです💙,"久しぶりのヒロシちゃんねるありがとうございます😊
これは例の10万回の撮りっぱなしの宴があった時の🏕ですね🤭
雨が強過ぎなのかタープの撥水効果が効かなくなってきているのか雨漏り大変でしたね😰
車も雨漏り…旧車の宿命ですね💦

まったりとした時間が流れて雨音が心地よかったです💙",ryokopon 3104,1,2022-10-26T11:59:59Z,2022-10-26T11:59:59Z
楽しみにしてました😊,楽しみにしてました😊,NO knock,3,2022-10-26T09:48:37Z,2022-10-26T09:48:37Z
最強の狩人ヒロシ。自然の音が心地よい。陰影と煙草が絵になる。いいね👍,最強の狩人ヒロシ。自然の音が心地よい。陰影と煙草が絵になる。いいね👍,rara,3,2022-10-26T14:29:03Z,2022-10-26T14:29:03Z
「キャンプっていいじゃない」が染みます。,「キャンプっていいじゃない」が染みます。,ひなのすけ,3,2022-10-26T09:59:17Z,2022-10-26T09:59:17Z
待ってました😂撮られたのは結構前なのでしょうか？,"待ってました😂
撮られたのは結構前なのでしょうか？",もふもふ,2,2022-10-26T11:46:02Z,2022-10-26T11:46:02Z
雨降りの中のキャンプ🏕いろんな音とヒロシたちの声観ててとても癒されました☘️雨キャンプ初めて観れてよかったです😊,"雨降りの中のキャンプ🏕
いろんな音とヒロシたちの声
観ててとても癒されました☘️
雨キャンプ初めて観れてよかったです😊",いちごリボン姫,2,2022-10-26T12:51:14Z,2022-10-26T12:51:14Z
今ちょうど爆竹と熊のやつパフパフ📯😁キャンプはいいよねー,"今ちょうど
爆竹と
熊のやつパフパフ📯😁
キャンプはいいよねー",盆と正月,1,2022-10-26T13:28:28Z,2022-10-26T13:28:28Z
雨漏りはつらいね⛺️やっぱりプライベートキャンプいいなぁ　じゅんいちさんは不在だったんですね🤗,雨漏りはつらいね⛺️やっぱりプライベートキャンプいいなぁ　じゅんいちさんは不在だったんですね🤗,おちょこちゃんねる,0,2022-10-26T17:20:57Z,2022-10-26T17:20:57Z
アクシデントは思い出よね👍,アクシデントは思い出よね👍,珍道中,2,2022-10-26T10:40:58Z,2022-10-26T10:40:58Z
やっぱりオープニングのあのメロディに期待してしまった😆💦　あ、今日エコバッグ届きました🥰,やっぱりオープニングのあのメロディに期待してしまった😆💦　あ、今日エコバッグ届きました🥰,たかし,0,2022-10-26T17:37:47Z,2022-10-26T17:37:47Z
あら！雨漏り😢大変でしたね,あら！雨漏り😢大変でしたね,美香八朝,2,2022-10-26T10:39:21Z,2022-10-26T10:39:21Z
お帰りジムニー❤️💕やっぱりヒロシさんにはジムニーがしっくり馴染むね😃BGMなしのユーチューブが最高すぎる❗肉に白めしがマスト👍明日はコレで決まり,"お帰りジムニー❤️💕
やっぱりヒロシさんにはジムニーがしっくり馴染むね😃
BGMなしのユーチューブが最高すぎる❗
肉に白めしがマスト👍明日はコレで決まり",博美,0,2022-10-27T02:16:33Z,2022-10-27T02:16:33Z
自分のジムニーも雨漏り上等😏,自分のジムニーも雨漏り上等😏,R F,2,2022-10-26T11:27:02Z,2022-10-26T11:27:02Z
じゅいち山って四股名みたいで笑ってしもうた（笑）,じゅいち山って四股名みたいで笑ってしもうた（笑）,雪紫 ,2,2022-10-26T11:36:43Z,2022-10-26T11:36:57Z
これからの時期がヒロシ－ズン,"これからの時期が
ヒロシ－ズン",ワーク,5,2022-10-26T09:58:16Z,2022-10-26T09:58:16Z
ハンモック＋タープでタープの雨漏りは致命的・・・買いましょ！,ハンモック＋タープでタープの雨漏りは致命的・・・買いましょ！,こまさん,0,2022-10-26T12:13:48Z,2022-10-26T12:13:48Z
ヒロッしゃん。キャンプは良かなあ。,"ヒロッしゃん。

キャンプは良かなあ。",rse071891,1,2022-10-26T12:46:05Z,2022-10-26T12:46:05Z
お疲れさまです,お疲れさまです,5963 kenzo,1,2022-10-26T09:46:04Z,2022-10-26T09:46:04Z
ヒロシさんのジムニー、もうぼっちキャンプでは使わないのかな？ロケ中に故障するとまずいのかな？,"ヒロシさんのジムニー、もうぼっちキャンプでは使わないのかな？
ロケ中に故障するとまずいのかな？",SURONIN,1,2022-10-26T15:47:09Z,2022-10-26T15:47:09Z
箸忘れてもサムギョプサルは美味しいでしょう！雨漏りは災難でしたね。じゅんいち山なのに当人が居ない空間。,"箸忘れてもサムギョプサルは美味しいでしょう！
雨漏りは災難でしたね。

じゅんいち山なのに当人が居ない空間。",森美里,2,2022-10-26T11:44:36Z,2022-10-26T11:44:36Z
番組では喫煙シーンが全くないですが、やはり自主規制みたいのがあるのですか。,番組では喫煙シーンが全くないですが、やはり自主規制みたいのがあるのですか。,Jykell,1,2022-10-26T12:33:20Z,2022-10-26T12:33:20Z
追記になってしまいますが、テント等の縫目からの漏水ですが、内側からの、シームテープの補修よりも、外側からの、シリコンコーキング防カビ剤入り、をおすすめします。天気のいい日にテント等を設営し、縫目の外側からにシリコンコーキングを出して、指等で塗布すれば、防水性、復活です。,"追記になってしまいますが、
テント等の縫目からの漏水ですが、
内側からの、シームテープの補修よりも、
外側からの、シリコンコーキング防カビ剤入り、
をおすすめします。
天気のいい日にテント等を設営し、
縫目の外側からにシリコンコーキングを出して、
指等で塗布すれば、
防水性、復活です。",Mura Ju,1,2022-10-26T14:15:24Z,2022-10-26T14:15:24Z
15:15 あ、箸忘れたのね新しいヒロシスタイルかとwちょっとした忘れ物あるある,"15:15 あ、箸忘れたのね
新しいヒロシスタイルかとw
ちょっとした忘れ物あるある",ヒナタトカレフ,0,2022-10-27T04:44:21Z,2022-10-27T04:44:21Z
雨の日にキャンプすると 山ビルによく遭遇しますが血を吸われても  焚き火か煙草の火でちょんとすれば ぽろっと取れますね禁煙中でして…焚き火でタバコ吸いてーな(-.-)y-~,"雨の日にキャンプすると 山ビルによく遭遇しますが
血を吸われても  焚き火か煙草の火でちょんとすれば ぽろっと取れますね
禁煙中でして…焚き火でタバコ吸いてーな(-.-)y-~",キャラメルコーン,1,2022-10-26T13:41:35Z,2022-10-26T13:41:35Z
ジムニー復活！！！,ジムニー復活！！！,ThinkTailLab チャンネル,2,2022-10-26T09:54:39Z,2022-10-26T09:54:39Z
わぁ❗動画アップありがとうございます。,"わぁ❗
動画アップありがとうございます。",千風,2,2022-10-26T09:51:36Z,2022-10-26T09:51:36Z
雨天☔は嫌だなー,雨天☔は嫌だなー,mak w,0,2022-10-27T01:28:07Z,2022-10-27T01:28:07Z
ぼっちキャンプ見始めたけど、今もあのジムニー乗ってるんですか？,ぼっちキャンプ見始めたけど、今もあのジムニー乗ってるんですか？,匿名滅亡,3,2022-10-26T10:08:03Z,2022-10-26T10:08:03Z
縫い目からの漏水には、荒療治ではありますが、シリコンシーラント、クリア、防カビ剤入り、をおすすめします。天気のいい日に設営して、外側からシリコンシーラントをコーキングガン、を使って少量づつ出し、あとは、指で、縫い目に沿って馴染ませれば、防水製？復活！,"縫い目からの漏水には、荒療治ではありますが、
シリコンシーラント、クリア、防カビ剤入り、を
おすすめします。
天気のいい日に設営して、外側からシリコンシーラントを
コーキングガン、を使って少量づつ出し、
あとは、指で、縫い目に沿って馴染ませれば、
防水製？復活！",Mura Ju,1,2022-10-26T13:51:43Z,2022-10-26T14:05:06Z
雨漏りさえなければね,雨漏りさえなければね,yochan kankan,0,2022-10-27T04:17:00Z,2022-10-27T04:17:00Z
ようこそ！俺の山じゃないけれど♪,ようこそ！俺の山じゃないけれど♪,d t,1,2022-10-26T13:43:28Z,2022-10-26T13:43:28Z
あっちゃんはお留守番かなぁ？,あっちゃんはお留守番かなぁ？,BIBIさん,2,2022-10-26T12:09:08Z,2022-10-26T12:09:08Z
同伴希望の応募先リンクが見当たりません⛰️🌳,同伴希望の応募先リンクが見当たりません⛰️🌳,nagako td2a,0,2022-10-26T14:02:34Z,2022-10-26T14:02:34Z
ごちそうさまでした,ごちそうさまでした,Neo Street Rider's 01,2,2022-10-26T09:58:56Z,2022-10-26T09:58:56Z
島田さんの中古テントをカスタム&レストアするのって これから流行りそうですね✨ヴィンテージのコールマンやランタンが流行ってるし更に使い込んだ道具や使いづらい道具などをレストア&カスタムするのもトレンド入りしそうな予感する✨😉👍  やっぱキャンプパイオニアのチャンネルにはヒントがある💡👍,島田さんの中古テントをカスタム&レストアするのって これから流行りそうですね✨ヴィンテージのコールマンやランタンが流行ってるし更に使い込んだ道具や使いづらい道具などをレストア&カスタムするのもトレンド入りしそうな予感する✨😉👍  やっぱキャンプパイオニアのチャンネルにはヒントがある💡👍,マルマル,2,2022-10-26T11:27:48Z,2022-10-26T11:27:48Z
ハンモックに長時間座ってると腿の裏痛くならないですか？安物ハンモックだからかなぁ？😢,ハンモックに長時間座ってると腿の裏痛くならないですか？安物ハンモックだからかなぁ？😢,ステイシー,1,2022-10-26T14:05:36Z,2022-10-26T14:05:36Z
今晩は🌿🤗🤗🍂🍁🌌🌃🌏🌲🌳🌳☔雨の音が‥だんだん大きくなってきましたね~☔☔☔でも…皆様楽しそうな笑い声がいい(≧∇≦)bなぁと思います…キャンプ⛺は雨が降ろうが‥槍が降ろうがが‥「no.problem」ですね~~楽しみに観させていただいて…います。体調に気を付けて頑張ってくださいね~~❣️,"今晩は🌿🤗🤗🍂🍁🌌🌃🌏🌲🌳🌳
☔雨の音が‥だんだん大きくなってきましたね~☔☔☔
でも…皆様楽しそうな笑い声がいい(≧∇≦)bなぁと思います…キャンプ⛺は雨が降ろうが‥槍が降ろうがが‥「no.problem」ですね~~楽しみに観させていただいて…います。体調に気を付けて頑張ってくださいね~~❣️",栗田由美子,2,2022-10-26T10:07:10Z,2022-10-26T10:07:10Z
ジュンダビの呪い雨。,ジュンダビの呪い雨。,マグナム,0,2022-10-27T00:33:24Z,2022-10-27T00:33:24Z
やるじゃな～い,やるじゃな～い,Ken Appo,2,2022-10-26T10:11:54Z,2022-10-26T10:11:54Z
うぽつ,うぽつ,zo go,1,2022-10-26T09:51:34Z,2022-10-26T09:51:34Z
一コメ,一コメ,いっぺいちゃん,1,2022-10-26T09:46:08Z,2022-10-26T09:46:08Z
ヤフーニュースでヒロシは天狗になってると載ってましたが私も感じてました,ヤフーニュースでヒロシは天狗になってると載ってましたが私も感じてました,政吏樫八重,4,2022-10-26T09:49:52Z,2022-10-26T09:49:52Z
もう旬は過ぎたか？,もう旬は過ぎたか？,山本知弘,2,2022-10-26T09:46:29Z,2022-10-26T09:46:29Z
